time,AirTemp,ShortWave,LongWave,RelHum,WindSpeed,Rain,Snow
2020-11-10 00:00,9.5769,0,328.0558,1.331,4.249,0.0076,0
2020-11-10 01:00,8.804,0,328.0558,1.2672,3.579,0.0076,0
2020-11-10 02:00,8.1056,0,328.0558,1.2059,2.9381,0.0076,0
2020-11-10 03:00,7.4644,0,328.0558,1.1487,2.3625,0.0076,0
2020-11-10 04:00,6.8633,0,328.0558,1.0974,1.8881,0.0076,0
2020-11-10 05:00,6.2851,0,328.0558,1.0533,1.5512,0.0076,0
2020-11-10 06:00,5.7126,0,322,1.0181,1.3877,0.0536,0
2020-11-10 07:00,5.1347,6.0343,322,0.9928,1.4211,0.0536,0
2020-11-10 08:00,4.5643,17.8119,322,0.9765,1.6233,0.0536,0
2020-11-10 09:00,4.0205,27.0897,322,0.9677,1.9536,0.0536,0
2020-11-10 10:00,3.5222,33.2351,322,0.9649,2.3714,0.0536,0
2020-11-10 11:00,3.0884,35.8291,322,0.9668,2.8359,0.0536,0
2020-11-10 12:00,2.7382,10.6957,326.5399,0.9716,3.3063,0.108,0
2020-11-10 13:00,2.4905,9.2203,326.5399,0.978,3.749,0.108,0
2020-11-10 14:00,2.3649,6.7197,326.5399,0.9857,4.1577,0.108,0
2020-11-10 15:00,2.3807,3.3642,326.5399,0.9947,4.5334,0.108,0
2020-11-10 16:00,2.5575,0,326.5399,1.0051,4.877,0.108,0
2020-11-10 17:00,2.9148,0,326.5399,1.0166,5.1893,0.108,0
2020-11-10 18:00,3.4721,0,331.6746,1.0292,5.4712,0.0188,0
2020-11-10 19:00,4.2222,0,331.6746,1.0421,5.7231,0.0188,0
2020-11-10 20:00,5.0517,0,331.6746,1.0527,5.9439,0.0188,0
2020-11-10 21:00,5.8204,0,331.6746,1.0583,6.1321,0.0188,0
2020-11-10 22:00,6.3882,0,331.6746,1.0563,6.286,0.0188,0
2020-11-10 23:00,6.6149,0,331.6746,1.0443,6.4041,0.0188,0
2020-11-11 00:00,6.3605,0,310.4601,1.0196,6.4849,0.0012,0
2020-11-11 01:00,5.5407,0,310.4601,0.9795,6.529,0.0012,0
2020-11-11 02:00,4.2956,0,310.4601,0.9265,6.5456,0.0012,0
2020-11-11 03:00,2.8212,0,310.4601,0.8645,6.5462,0.0012,0
2020-11-11 04:00,1.3133,0,310.4601,0.7987,6.5422,0.0012,0
2020-11-11 05:00,-0.0318,0,310.4601,0.7361,6.545,0.0012,0
2020-11-11 06:00,-1.0185,0,281.4601,0.685,6.5662,0,0
2020-11-11 07:00,-1.5064,37.6802,281.4601,0.6529,6.6092,0,0
2020-11-11 08:00,-1.5786,115.2219,281.4601,0.6373,6.6456,0,0
2020-11-11 09:00,-1.3742,176.3241,281.4601,0.6327,6.6391,0,0
2020-11-11 10:00,-1.0322,216.8213,281.4601,0.6331,6.5534,0,0
2020-11-11 11:00,-0.6914,233.9524,281.4601,0.6323,6.3523,0,0
2020-11-11 12:00,-0.4908,405.445,214.5399,0.6244,5.9994,0,0
2020-11-11 13:00,-0.5307,349.1849,214.5399,0.605,5.478,0,0
2020-11-11 14:00,-0.7566,253.7452,214.5399,0.5773,4.8498,0,0
2020-11-11 15:00,-1.0753,125.6248,214.5399,0.546,4.1963,0,0
2020-11-11 16:00,-1.3936,0,214.5399,0.5163,3.5988,0,0
2020-11-11 17:00,-1.6182,0,214.5399,0.4936,3.1387,0,0
2020-11-11 18:00,-1.656,0,229,0.4834,2.8973,0,0
2020-11-11 19:00,-1.4452,0,229,0.4897,2.9306,0,0
2020-11-11 20:00,-1.0501,0,229,0.5095,3.192,0,0
2020-11-11 21:00,-0.5664,0,229,0.5381,3.6099,0,0
2020-11-11 22:00,-0.0899,0,229,0.5712,4.1123,0,0
2020-11-11 23:00,0.2837,0,229,0.6046,4.6274,0,0
2020-11-12 00:00,0.4586,0,272,0.6345,5.0834,0,0
2020-11-12 01:00,0.3705,0,272,0.6579,5.4247,0,0
2020-11-12 02:00,0.081,0,272,0.6741,5.6613,0,0
2020-11-12 03:00,-0.3171,0,272,0.6827,5.8193,0,0
2020-11-12 04:00,-0.731,0,272,0.6831,5.9251,0,0
2020-11-12 05:00,-1.0677,0,272,0.6746,6.0047,0,0
2020-11-12 06:00,-1.2343,0,267.4601,0.6566,6.0845,4e-4,0
2020-11-12 07:00,-1.1682,47.2193,267.4601,0.6296,6.1822,4e-4,0
2020-11-12 08:00,-0.9281,149.9316,267.4601,0.597,6.2815,4e-4,0
2020-11-12 09:00,-0.603,230.8958,267.4601,0.5626,6.3577,4e-4,0
2020-11-12 10:00,-0.2818,284.5925,267.4601,0.5301,6.3862,4e-4,0
2020-11-12 11:00,-0.0535,307.3607,267.4601,0.5032,6.3421,4e-4,0
2020-11-12 12:00,-0.0071,393.6603,212,0.485,6.2008,0,0
2020-11-12 13:00,-0.2055,338.7263,212,0.4779,5.9473,0,0
2020-11-12 14:00,-0.6072,245.4451,212,0.4797,5.6057,0,0
2020-11-12 15:00,-1.1448,120.1683,212,0.4873,5.2098,0,0
2020-11-12 16:00,-1.7508,0,212,0.4975,4.7936,0,0
2020-11-12 17:00,-2.3576,0,212,0.5071,4.391,0,0
2020-11-12 18:00,-2.8978,0,209,0.5125,4.0357,0,0
2020-11-12 19:00,-3.3206,0,209,0.5112,3.7532,0,0
2020-11-12 20:00,-3.6421,0,209,0.5041,3.5347,0,0
2020-11-12 21:00,-3.8951,0,209,0.4932,3.3627,0,0
2020-11-12 22:00,-4.1123,0,209,0.4804,3.2201,0,0
2020-11-12 23:00,-4.3266,0,209,0.4677,3.0894,0,0
2020-11-13 00:00,-4.5708,0,226,0.4572,2.9534,0,0
2020-11-13 01:00,-4.8613,0,226,0.4502,2.7999,0,0
2020-11-13 02:00,-5.1491,0,226,0.4459,2.6381,0,0
2020-11-13 03:00,-5.3688,0,226,0.4429,2.4826,0,0
2020-11-13 04:00,-5.455,0,226,0.4396,2.3477,0,0
2020-11-13 05:00,-5.3423,0,226,0.4347,2.2479,0,0
2020-11-13 06:00,-4.9653,0,203,0.4265,2.1976,0,0
2020-11-13 07:00,-4.2907,61.0545,203,0.4146,2.2048,0,0
2020-11-13 08:00,-3.4129,201.8206,203,0.4005,2.2511,0,0
2020-11-13 09:00,-2.4587,312.8223,203,0.3866,2.3118,0,0
2020-11-13 10:00,-1.5544,386.4929,203,0.3749,2.3619,0,0
2020-11-13 11:00,-0.8268,417.8098,203,0.3673,2.3767,0,0
2020-11-13 12:00,-0.4024,403.3482,205,0.3655,2.3313,0,0
2020-11-13 13:00,-0.3667,346.7604,205,0.3706,2.2123,0,0
2020-11-13 14:00,-0.6412,250.5686,205,0.3808,2.0524,0,0
2020-11-13 15:00,-1.1063,121.3228,205,0.3936,1.8957,0,0
2020-11-13 16:00,-1.6424,0,205,0.4061,1.7865,0,0
2020-11-13 17:00,-2.1299,0,205,0.4158,1.7689,0,0
2020-11-13 18:00,-2.4494,0,217,0.4195,1.887,0,0
2020-11-13 19:00,-2.5142,0,217,0.4155,2.168,0,0
2020-11-13 20:00,-2.3697,0,217,0.4072,2.5707,0,0
2020-11-13 21:00,-2.0945,0,217,0.3991,3.0367,0,0
2020-11-13 22:00,-1.767,0,217,0.3956,3.5077,0,0
2020-11-13 23:00,-1.4657,0,217,0.4012,3.9256,0,0
2020-11-14 00:00,-1.2691,0,280,0.4201,4.232,0.002,0
2020-11-14 01:00,-1.2286,0,280,0.4551,4.3855,0.002,0
2020-11-14 02:00,-1.2879,0,280,0.5037,4.4125,0.002,0
2020-11-14 03:00,-1.3636,0,280,0.5615,4.3561,0.002,0
2020-11-14 04:00,-1.3722,0,280,0.6239,4.2595,0.002,0
2020-11-14 05:00,-1.2303,0,280,0.6861,4.1659,0.002,0
2020-11-14 06:00,-0.8545,0,301,0.7428,4.1185,0.002,0
2020-11-14 07:00,-0.1947,20.2346,301,0.7898,4.1481,0.002,0
2020-11-14 08:00,0.6665,69.8331,301,0.827,4.2359,0.002,0
2020-11-14 09:00,1.6131,108.9598,301,0.8561,4.351,0.002,0
2020-11-14 10:00,2.5294,134.9476,301,0.8787,4.462,0.002,0
2020-11-14 11:00,3.2993,146.0249,301,0.8969,4.538,0.002,0
2020-11-14 12:00,3.807,80.0154,324,0.9126,4.5477,0,0
2020-11-14 13:00,3.9735,68.7328,324,0.9276,4.471,0,0
2020-11-14 14:00,3.8673,49.5318,324,0.9426,4.3312,0,0
2020-11-14 15:00,3.5939,23.7199,324,0.958,4.1625,0,0
2020-11-14 16:00,3.2587,0,324,0.9738,3.9991,0,0
2020-11-14 17:00,2.9672,0,324,0.9903,3.8753,0,0
2020-11-14 18:00,2.8249,0,334,1.0074,3.8253,4e-4,0
2020-11-14 19:00,2.9083,0,334,1.0249,3.872,4e-4,0
2020-11-14 20:00,3.1782,0,334,1.0423,3.9932,4e-4,0
2020-11-14 21:00,3.5666,0,334,1.059,4.1551,4e-4,0
2020-11-14 22:00,4.0055,0,334,1.0743,4.3242,4e-4,0
2020-11-14 23:00,4.4266,0,334,1.0881,4.4668,4e-4,0
2020-11-15 00:00,4.762,0,332.517,1.0998000000000001,4.5494,0.0264,0
2020-11-15 01:00,4.9588,0,332.517,1.1093,4.549,0.0264,0
2020-11-15 02:00,5.0244,0,332.517,1.1153,4.4854,0.0264,0
2020-11-15 03:00,4.9814,0,332.517,1.1165,4.3891,0.0264,0
2020-11-15 04:00,4.8525,0,332.517,1.1117,4.2908,0.0264,0
2020-11-15 05:00,4.6603,0,332.517,1.0994,4.2208,0.0264,0
2020-11-15 06:00,4.4273,0,322,1.0782,4.2098,0.0016,0
2020-11-15 07:00,4.1731,4.804,322,1.0474,4.2818,0.0016,0
2020-11-15 08:00,3.905,17.365,322,1.0103,4.436,0.0016,0
2020-11-15 09:00,3.6272,27.2782,322,0.9709,4.6651,0.0016,0
2020-11-15 10:00,3.3438,33.8679,322,0.9335,4.9616,0.0016,0
2020-11-15 11:00,3.0592,36.6849,322,0.9025,5.3184,0.0016,0
2020-11-15 12:00,2.7775,49.8651,318.644,0.8824,5.7281,0.0088,0
2020-11-15 13:00,2.5001,42.8004,318.644,0.876,6.1809,0.0088,0
2020-11-15 14:00,2.2169,30.7628,318.644,0.8795,6.6565,0.0088,0
2020-11-15 15:00,1.9151,14.5717,318.644,0.8873,7.1323,0.0088,0
2020-11-15 16:00,1.5818,0,318.644,0.8935,7.5855,0.0088,0
2020-11-15 17:00,1.2041,0,318.644,0.8923,7.9933,0.0088,0
2020-11-15 18:00,0.7691,0,279,0.8776,8.3332,0.0056,0
2020-11-15 19:00,0.2709,0,279,0.8451,8.5861,0.0056,0
2020-11-15 20:00,-0.269,0,279,0.7986,8.7484,0.0056,0
2020-11-15 21:00,-0.8219,0,279,0.7444,8.8204,0.0056,0
2020-11-15 22:00,-1.3594,0,279,0.6888,8.802,0.0056,0
2020-11-15 23:00,-1.8529,0,279,0.639,8.6936,0.0056,0
2020-11-16 00:00,-2.2738,0,255.0958,0.6021,8.4953,4e-4,0
2020-11-16 01:00,-2.5978,0,255.0958,0.5836,8.2125,4e-4,0
2020-11-16 02:00,-2.8166,0,255.0958,0.5805,7.8714,4e-4,0
2020-11-16 03:00,-2.9259,0,255.0958,0.5876,7.5034,4e-4,0
2020-11-16 04:00,-2.9216,0,255.0958,0.5994,7.14,4e-4,0
2020-11-16 05:00,-2.7996,0,255.0958,0.6103,6.8125,4e-4,0
2020-11-16 06:00,-2.5555,0,249,0.6149,6.5524,4e-4,0
2020-11-16 07:00,-2.1962,40.9074,249,0.609,6.3802,4e-4,0
2020-11-16 08:00,-1.7718,155.4284,249,0.5951,6.2724,4e-4,0
2020-11-16 09:00,-1.3431,245.85,249,0.5768,6.1949,4e-4,0
2020-11-16 10:00,-0.9711,306.0091,249,0.5576,6.1133,4e-4,0
2020-11-16 11:00,-0.7169,331.805,249,0.5411,5.9934,4e-4,0
2020-11-16 12:00,-0.6413,380.3335,208,0.5305,5.8008,0,0
2020-11-16 13:00,-0.7829,326.2104,208,0.5284,5.5111,0,0
2020-11-16 14:00,-1.0896,233.8664,208,0.5335,5.1385,0,0
2020-11-16 15:00,-1.4872,109.5896,208,0.544,4.7071,0,0
2020-11-16 16:00,-1.9012,0,208,0.5579,4.241,0,0
2020-11-16 17:00,-2.2572,0,208,0.5732,3.7642,0,0
2020-11-16 18:00,-2.4808,0,221,0.5876,3.3008,0,0
2020-11-16 19:00,-2.5211,0,221,0.5994,2.873,0,0
2020-11-16 20:00,-2.4209,0,221,0.6084,2.4961,0,0
2020-11-16 21:00,-2.2466,0,221,0.6149,2.1834,0,0
2020-11-16 22:00,-2.0647,0,221,0.6193,1.9483,0,0
2020-11-16 23:00,-1.9414,0,221,0.6221,1.8041,0,0
2020-11-17 00:00,-1.9432,0,217.0005,0.6237,1.7643,0,0
2020-11-17 01:00,-2.1086,0,217.0005,0.6246,1.834,0,0
2020-11-17 02:00,-2.365,0,217.0005,0.6248,1.9857,0,0
2020-11-17 03:00,-2.6119,0,217.0005,0.6246,2.1837,0,0
2020-11-17 04:00,-2.7488,0,217.0005,0.624,2.3923,0,0
2020-11-17 05:00,-2.6753,0,217.0005,0.6232,2.5757,0,0
2020-11-17 06:00,-2.2908,0,225,0.6224,2.6983,0,0
2020-11-17 07:00,-1.538,40.6844,225,0.6217,2.7326,0,0
2020-11-17 08:00,-0.5311,163.1415,225,0.6219,2.6852,0,0
2020-11-17 09:00,0.5725,259.8756,225,0.6234,2.5709,0,0
2020-11-17 10:00,1.6156,324.2937,225,0.6272,2.4043,0,0
2020-11-17 11:00,2.4409,352.0049,225,0.634,2.2004,0,0
2020-11-17 12:00,2.8909,307.1585,260,0.6446,1.974,0,0
2020-11-17 13:00,2.8586,263.2685,260,0.6598,1.7388,0,0
2020-11-17 14:00,2.4371,188.2784,260,0.6787,1.5043,0,0
2020-11-17 15:00,1.7696,87.2946,260,0.7001,1.279,0,0
2020-11-17 16:00,0.9993,0,260,0.7224,1.0714,0,0
2020-11-17 17:00,0.2696,0,260,0.744,0.8901,0,0
2020-11-17 18:00,-0.2765,0,299,0.763,0.7434,4e-4,0
2020-11-17 19:00,-0.5343,0,299,0.7778,0.638,4e-4,0
2020-11-17 20:00,-0.5544,0,299,0.7883,0.5734,4e-4,0
2020-11-17 21:00,-0.4259,0,299,0.7955,0.5471,4e-4,0
2020-11-17 22:00,-0.238,0,299,0.79990000000000006,0.5566,4e-4,0
2020-11-17 23:00,-0.08,0,299,0.8023,0.5994,4e-4,0
2020-11-18 00:00,-0.041,0,276,0.8038,0.6733,0,0
2020-11-18 01:00,-0.182,0,276,0.8047,0.7764,0,0
2020-11-18 02:00,-0.4509,0,276,0.805,0.9096,0,0
2020-11-18 03:00,-0.7676,0,276,0.8042,1.0745,0,0
2020-11-18 04:00,-1.0516,0,276,0.8018,1.2728,0,0
2020-11-18 05:00,-1.2228,0,276,0.7975,1.506,0,0
2020-11-18 06:00,-1.2009,0,281,0.7908,1.7758,0,0
2020-11-18 07:00,-0.9361,18.0723,281,0.7816,2.0796,0,0
2020-11-18 08:00,-0.5,76.8327,281,0.7708,2.3983,0,0
2020-11-18 09:00,0.0049,123.2736,281,0.7592,2.7088,0,0
2020-11-18 10:00,0.4766,154.2299,281,0.7477,2.9879,0,0
2020-11-18 11:00,0.8128,167.5916,281,0.7371,3.2124,0,0
2020-11-18 12:00,0.9112,128.8158,274,0.728,3.3591,4e-4,0
2020-11-18 13:00,0.7014,110.3394,274,0.721,3.4113,4e-4,0
2020-11-18 14:00,0.2395,78.7236,274,0.7152,3.3783,4e-4,0
2020-11-18 15:00,-0.3866,36.1212,274,0.7099,3.2756,4e-4,0
2020-11-18 16:00,-1.0889,0,274,0.7041,3.1192,4e-4,0
2020-11-18 17:00,-1.7797,0,274,0.6969,2.9246,4e-4,0
2020-11-18 18:00,-2.371,0,217,0.6876,2.7076,0,0
2020-11-18 19:00,-2.7954,0,217,0.6755,2.4845,0,0
2020-11-18 20:00,-3.067,0,217,0.6608,2.274,0,0
2020-11-18 21:00,-3.2207,0,217,0.6438,2.0954,0,0
2020-11-18 22:00,-3.291,0,217,0.6247,1.9678,0,0
2020-11-18 23:00,-3.3127,0,217,0.6038,1.9106,0,0
2020-11-19 00:00,-3.3204,0,251,0.5814,1.943,0,0
2020-11-19 01:00,-3.337,0,251,0.5578,2.0768,0,0
2020-11-19 02:00,-3.3372,0,251,0.5348,2.2943,0,0
2020-11-19 03:00,-3.2842,0,251,0.5142,2.5699,0,0
2020-11-19 04:00,-3.141,0,251,0.498,2.8786,0,0
2020-11-19 05:00,-2.8706,0,251,0.4883,3.1949,0,0
2020-11-19 06:00,-2.4361,0,271.0558,0.4869,3.4936,0,0
2020-11-19 07:00,-1.82,24.3484,271.0558,0.4948,3.757,0,0
2020-11-19 08:00,-1.0835,110.3265,271.0558,0.51,3.9984,0,0
2020-11-19 09:00,-0.307,178.3149,271.0558,0.5299,4.2388,0,0
2020-11-19 10:00,0.4286,223.6801,271.0558,0.5522,4.4991,0,0
2020-11-19 11:00,1.0428,243.3302,271.0558,0.5745,4.8004,0,0
2020-11-19 12:00,1.455,264.7471,277.8746,0.5951,5.1634,0,0
2020-11-19 13:00,1.6098,226.642,277.8746,0.6127,5.594,0,0
2020-11-19 14:00,1.5536,161.3357,277.8746,0.6283,6.0362,0,0
2020-11-19 15:00,1.3578,73.2753,277.8746,0.6436,6.4189,0,0
2020-11-19 16:00,1.0942,0,277.8746,0.6599,6.671,0,0
2020-11-19 17:00,0.8343,0,277.8746,0.6787,6.7214,0,0
2020-11-19 18:00,0.6497,0,313,0.7015,6.4988,0,0
2020-11-19 19:00,0.5981,0,313,0.729,5.9648,0,0
2020-11-19 20:00,0.6819,0,313,0.7612,5.2109,0,0
2020-11-19 21:00,0.8894,0,313,0.7974,4.3613,0,0
2020-11-19 22:00,1.209,0,313,0.837,3.5403,0,0
2020-11-19 23:00,1.6291,0,313,0.8794,2.8719,0,0
2020-11-20 00:00,2.1381,0,335,0.9239,2.4804,8e-4,0
2020-11-20 01:00,2.722,0,335,0.9699,2.453,8e-4,0
2020-11-20 02:00,3.3576,0,335,1.0161,2.7289,8e-4,0
2020-11-20 03:00,4.0194,0,335,1.0613,3.2103,8e-4,0
2020-11-20 04:00,4.6817,0,335,1.1045,3.7997,8e-4,0
2020-11-20 05:00,5.319,0,335,1.1447,4.3991,8e-4,0
2020-11-20 06:00,5.9058,0,350.4391,1.1812,4.9108,0.002,0
2020-11-20 07:00,6.4244,1.7362,350.4391,1.2136,5.2573,0.002,0
2020-11-20 08:00,6.8894,8.4355,350.4391,1.2431,5.4411,0.002,0
2020-11-20 09:00,7.3232,13.736,350.4391,1.2714,5.485,0.002,0
2020-11-20 10:00,7.7483,17.2766,350.4391,1.2997,5.4116,0.002,0
2020-11-20 11:00,8.1872,18.8158,350.4391,1.3293,5.2437,0.002,0
2020-11-20 12:00,8.6624,28.5017,363.8303,1.3616,5.004,0.0012,0
2020-11-20 13:00,9.1867,24.3866,363.8303,1.3969,4.7175,0.0012,0
2020-11-20 14:00,9.7342,17.3222,363.8303,1.4335,4.4187,0.0012,0
2020-11-20 15:00,10.2693,7.7896,363.8303,1.4689,4.1442,0.0012,0
2020-11-20 16:00,10.7565,0,363.8303,1.501,3.9307,0.0012,0
2020-11-20 17:00,11.1601,0,363.8303,1.528,3.8149,0.0012,0
2020-11-20 18:00,11.4445,0,314,1.5479,3.8337,0,0
2020-11-20 19:00,11.5824,0,314,1.5592,4.0059,0,0
2020-11-20 20:00,11.5787,0,314,1.5623,4.2807,0,0
2020-11-20 21:00,11.4467,0,314,1.5574,4.589,0,0
2020-11-20 22:00,11.1995,0,314,1.5448,4.8623,0,0
2020-11-20 23:00,10.8503,0,314,1.5249,5.0317,0,0
2020-11-21 00:00,10.4123,0,349,1.4976,5.0285,0,0
2020-11-21 01:00,9.8993,0,349,1.4634,4.8069,0,0
2020-11-21 02:00,9.3271,0,349,1.4232,4.4127,0,0
2020-11-21 03:00,8.7122,0,349,1.3781,3.9145,0,0
2020-11-21 04:00,8.0712,0,349,1.3295,3.3813,0,0
2020-11-21 05:00,7.4205,0,349,1.2787,2.8817,0,0
2020-11-21 06:00,6.7765,0,329.3254,1.2273,2.4844,0.0024,0
2020-11-21 07:00,6.1543,3.1955,329.3254,1.1767,2.2417,0.0024,0
2020-11-21 08:00,5.563,16.767,329.3254,1.1281,2.1389,0.0024,0
2020-11-21 09:00,5.0101,27.5111,329.3254,1.0826,2.1449,0.0024,0
2020-11-21 10:00,4.5033,34.6956,329.3254,1.0416,2.2287,0.0024,0
2020-11-21 11:00,4.0502,37.8309,329.3254,1.0062,2.3592,0.0024,0
2020-11-21 12:00,3.6583,37.3429,319.9442,0.9778,2.5051,0,0
2020-11-21 13:00,3.3297,31.9362,319.9442,0.957,2.6419,0,0
2020-11-21 14:00,3.0444,22.6384,319.9442,0.9422,2.7705,0,0
2020-11-21 15:00,2.7764,10.0825,319.9442,0.931,2.8983,0,0
2020-11-21 16:00,2.5003,0,319.9442,0.9209,3.0327,0,0
2020-11-21 17:00,2.1901,0,319.9442,0.9093,3.1813,0,0
2020-11-21 18:00,1.8204,0,307,0.8937,3.3513,0,0
2020-11-21 19:00,1.3731,0,307,0.872,3.5457,0,0
2020-11-21 20:00,0.8616,0,307,0.8451,3.7496,0,0
2020-11-21 21:00,0.307,0,307,0.8146,3.9435,0,0
2020-11-21 22:00,-0.2695,0,307,0.7822,4.1079,0,0
2020-11-21 23:00,-0.8468,0,307,0.7498,4.2233,0,0
2020-11-22 00:00,-1.4038,0,294,0.7194,4.2704,0,0
2020-11-22 01:00,-1.9203,0,294,0.6926,4.2373,0,0
2020-11-22 02:00,-2.3806,0,294,0.6694,4.1429,0,0
2020-11-22 03:00,-2.7699,0,294,0.6492,4.0138,0,0
2020-11-22 04:00,-3.0735,0,294,0.6315,3.8766,0,0
2020-11-22 05:00,-3.2767,0,294,0.6157,3.7579,0,0
2020-11-22 06:00,-3.3647,0,286,0.6012,3.6843,0,0
2020-11-22 07:00,-3.3315,13.1205,286,0.5876,3.6729,0,0
2020-11-22 08:00,-3.2057,74.9765,286,0.575,3.703,0,0
2020-11-22 09:00,-3.0246,123.9754,286,0.5637,3.7442,0,0
2020-11-22 10:00,-2.8255,156.7782,286,0.5539,3.7664,0,0
2020-11-22 11:00,-2.6457,171.14940000000001,286,0.5459,3.7394,0,0
2020-11-22 12:00,-2.5225,279.475,222.7086,0.5397,3.6328,0,0
2020-11-22 13:00,-2.4839,238.9125,222.7086,0.5355,3.4287,0,0
2020-11-22 14:00,-2.5206,169.0291,222.7086,0.5327,3.1571,0,0
2020-11-22 15:00,-2.6141,74.5835,222.7086,0.531,2.8605,0,0
2020-11-22 16:00,-2.7457,0,222.7086,0.5298,2.5813,0,0
2020-11-22 17:00,-2.8969,0,222.7086,0.5287,2.3617,0,0
2020-11-22 18:00,-3.0493,0,201,0.5271,2.2441,0,0
2020-11-22 19:00,-3.1874,0,201,0.5245,2.2603,0,0
2020-11-22 20:00,-3.3089,0,201,0.5203,2.4,0,0
2020-11-22 21:00,-3.4149,0,201,0.514,2.6422,0,0
2020-11-22 22:00,-3.5061,0,201,0.5049,2.966,0,0
2020-11-22 23:00,-3.5837,0,201,0.4926,3.3505,0,0
2020-11-23 00:00,-3.6485,0,214.517,0.4763,3.7748,0,0
2020-11-23 01:00,-3.6967,0,214.517,0.4563,4.2182,0,0
2020-11-23 02:00,-3.705,0,214.517,0.4362,4.6608,0,0
2020-11-23 03:00,-3.6454,0,214.517,0.4203,5.0832,0,0
2020-11-23 04:00,-3.4898,0,214.517,0.413,5.4657,0,0
2020-11-23 05:00,-3.2102,0,214.517,0.4185,5.7887,0,0
2020-11-23 06:00,-2.7785,0,276.7174,0.4409,6.0327,0.002,0
2020-11-23 07:00,-2.1845,14.4823,276.7174,0.4818,6.1833,0.002,0
2020-11-23 08:00,-1.4894,91.0493,276.7174,0.5346,6.2479,0.002,0
2020-11-23 09:00,-0.7722,151.7397,276.7174,0.5914,6.2388,0.002,0
2020-11-23 10:00,-0.1119,192.4176,276.7174,0.6448,6.1686,0.002,0
2020-11-23 11:00,0.4123,210.3111,276.7174,0.688,6.0497,0.002,0
2020-11-23 12:00,0.7216,132.2567,266,0.7148,5.8948,0,0
2020-11-23 13:00,0.7613,113.0209,266,0.7208,5.7159,0,0
2020-11-23 14:00,0.5752,79.8169,266,0.7093,5.5232,0,0
2020-11-23 15:00,0.2314,34.9056,266,0.6855,5.3269,0,0
2020-11-23 16:00,-0.2018,0,266,0.6543,5.1367,0,0
2020-11-23 17:00,-0.6562,0,266,0.6209,4.9626,0,0
2020-11-23 18:00,-1.0637,0,205,0.5909,4.8146,0,0
2020-11-23 19:00,-1.3721,0,205,0.5689,4.7003,0,0
2020-11-23 20:00,-1.5935,0,205,0.5546,4.6188,0,0
2020-11-23 21:00,-1.7562,0,205,0.5461,4.567,0,0
2020-11-23 22:00,-1.8882,0,205,0.5417,4.5416,0,0
2020-11-23 23:00,-2.0179,0,205,0.5392,4.5395,0,0
2020-11-24 00:00,-2.1733,0,203,0.5367,4.5574,0,0
2020-11-24 01:00,-2.3687,0,203,0.5326,4.5929,0,0
2020-11-24 02:00,-2.5628,0,203,0.5263,4.6454,0,0
2020-11-24 03:00,-2.7002,0,203,0.5178,4.715,0,0
2020-11-24 04:00,-2.7255,0,203,0.5068,4.8017,0,0
2020-11-24 05:00,-2.5834,0,203,0.4933,4.9058,0,0
2020-11-24 06:00,-2.2185,0,209,0.4775,5.0272,0,0
2020-11-24 07:00,-1.6047,22.3076,209,0.4597,5.1642,0,0
2020-11-24 08:00,-0.832,156.2372,209,0.4419,5.3074,0,0
2020-11-24 09:00,-0.0198,262.4645,209,0.4263,5.4458,0,0
2020-11-24 10:00,0.7129,333.7512,209,0.4149,5.5679,0,0
2020-11-24 11:00,1.2466,365.2394,209,0.4094,5.6628,0,0
2020-11-24 12:00,1.4622,313.4921,234,0.4118,5.7191,0.0016,0
2020-11-24 13:00,1.2782,267.8175,234,0.423,5.729,0.0016,0
2020-11-24 14:00,0.764,188.8178,234,0.4407,5.698,0.0016,0
2020-11-24 15:00,0.0269,81.8726,234,0.4618,5.6349,0.0016,0
2020-11-24 16:00,-0.8261,0,234,0.4827,5.5485,0.0016,0
2020-11-24 17:00,-1.6877,0,234,0.4998,5.4477,0.0016,0
2020-11-24 18:00,-2.4507,0,211,0.509,5.3411,0,0
2020-11-24 19:00,-3.0343,0,211,0.5074,5.2361,0,0
2020-11-24 20:00,-3.4635,0,211,0.4967,5.1333,0,0
2020-11-24 21:00,-3.7896,0,211,0.48,5.0316,0,0
2020-11-24 22:00,-4.0639,0,211,0.4605,4.9301,0,0
2020-11-24 23:00,-4.3376,0,211,0.4415,4.8278,0,0
2020-11-25 00:00,-4.6622,0,190.5296,0.4262,4.7238,0,0
2020-11-25 01:00,-5.0672,0,190.5296,0.4169,4.6147,0,0
2020-11-25 02:00,-5.4955,0,190.5296,0.4126,4.4876,0,0
2020-11-25 03:00,-5.8682,0,190.5296,0.4113,4.3273,0,0
2020-11-25 04:00,-6.1064,0,190.5296,0.411,4.1185,0,0
2020-11-25 05:00,-6.1312,0,190.5296,0.4095,3.846,0,0
2020-11-25 06:00,-5.8639,0,191.483,0.4048,3.4945,0,0
2020-11-25 07:00,-5.2595,19.5803,191.483,0.3955,3.06,0,0
2020-11-25 08:00,-4.4091,155.1953,191.483,0.3831,2.5823,0,0
2020-11-25 09:00,-3.4378,262.8316,191.483,0.3692,2.1128,0,0
2020-11-25 10:00,-2.4707,335.1552,191.483,0.3558,1.7026,0,0
2020-11-25 11:00,-1.6329,367.2376,191.483,0.3443,1.4028,0,0
2020-11-25 12:00,-1.0494,287.4064,231,0.3362,1.2646,0,0
2020-11-25 13:00,-0.8081,245.4745,231,0.3323,1.3233,0,0
2020-11-25 14:00,-0.8476,172.7968,231,0.332,1.5506,0,0
2020-11-25 15:00,-1.0692,74.3224,231,0.3339,1.9022,0,0
2020-11-25 16:00,-1.3744,0,231,0.337,2.3342,0,0
2020-11-25 17:00,-1.6646,0,231,0.3401,2.8022,0,0
2020-11-25 18:00,-1.8409,0,278.087,0.3421,3.2621000000000002,8e-4,0
2020-11-25 19:00,-1.8308,0,278.087,0.3419,3.6791,8e-4,0
2020-11-25 20:00,-1.665,0,278.087,0.3398,4.0554,8e-4,0
2020-11-25 21:00,-1.4,0,278.087,0.3363,4.4027,8e-4,0
2020-11-25 22:00,-1.0923,0,278.087,0.3319,4.7325,8e-4,0
2020-11-25 23:00,-0.7986,0,278.087,0.3269,5.0565,8e-4,0
